{
    "order": {
        "id": "123456789",
        "orderDate": "2021-08-18T08:37:19.087",
        "dueDate": "2021-08-25T15:32:31",
        "comments": "",
        "clientOrderId": "987654321",
        "status": "COMPLETE",
        "substatus": "RECORD",
        "subject": {
            "firstName": "ROBERT",
            "lastName": "DUMMYDATA",
            "birthdate": "1985-08-13T00:00:00",
            "aliases": [],
            "addresses": [],
            "additionalIdentifiers": {},
            "pastNames": [
                {
                    "firstName": "ROBERT",
                    "middleName": "",
                    "lastName": "DUMMYDATA",
                    "suffix": "          "
                }
            ]
        },
        "product": {
            "category": "CIVIL_RECHECK"
        },
        "jurisdiction": {
            "county": "Clark",
            "state": "NV",
            "country": "United States"
        },
        "activity": [
            {
                "note": "Assigned to Researcher",
                "addedDate": "2021-08-18T08:41:31.913"
            },
            {
                "note": "Moved to QA for Review",
                "addedDate": "2021-08-19T12:15:01.707"
            },
            {
                "note": "Search Added",
                "addedDate": "2021-08-18T08:37:19.087"
            }
        ],
        "documents": [],
        "knownCases": [],
        "requestCustomFields": [],
        "resultCustomFields": [],
        "subscribers": [],
        "cases": [
            {
                "id": "e965765d-2d3f-4ea3-b907-b9b0297b6878",
                "caseNumber": "A-14-695697-C",
                "isCaseNumberUnavailable": false,
                "courtFiledIn": "DISTRICT COURT",
                "countyFiledIn": "CLARK",
                "chargeDate": "2014-02-05T00:00:00",
                "isChargeDateUnavailable": false,
                "isNextCourtDateUnavailable": true,
                "plaintiff": "TESTNAME, LINDA",
                "defendant": "DUMMYDATA, ROBERT",
                "cannotComplete": false,
                "caseIdentifiers": {
                    "name": "DUMMYDATA, ROBERT",
                    "isNameMatch": true,
                    "firstName": "ROBERT",
                    "isFirstNameMatch": true,
                    "middleName": "M",
                    "isMiddleNameMatch": true,
                    "lastName": "DUMMYDATA",
                    "isLastNameMatch": true,
                    "isBirthdateMatch": false,
                    "isSSNMatch": false,
                    "isDriverLicenseMatch": false,
                    "isAddressMatch": false,
                    "isAliasMatch": false,
                    "other": "",
                    "isOtherMatch": false,
                    "additionalIdentifiersUnavailability": "NO_ADDITIONAL_ON_PRIMARY_INDEX"
                },
                "charges": [
                    {
                        "id": "01c9b5c9-4af5-41f1-9380-98402261a365",
                        "count": 1,
                        "chargeDescription": "NEGLIGENCE -AUTO",
                        "isChargeDescriptionUnavailable": false,
                        "chargeType": "CIVIL",
                        "isChargeTypeUnavailable": false,
                        "disposition": "NOT AVAILABLE",
                        "isDispositionUnavailable": true,
                        "comments": "DISPOSITION: UNAVAILABLE;; ",
                        "sentence": {
                            "hasProbation": false,
                            "hasJail": false,
                            "hasJailSuspended": false,
                            "hasPrison": false,
                            "hasPrisonSuspended": false,
                            "hasCommunityService": false,
                            "hasDriverLicenseSuspension": false,
                            "hasCreditForTimeServed": false,
                            "isFineWaived": false,
                            "isFineUnspecified": false,
                            "isCostWaived": false,
                            "isCostUnspecified": false,
                            "isRestitutionWaived": false,
                            "isRestitutionUnspecified": false,
                            "isFeeWaived": false,
                            "isFeeUnspecified": false,
                            "isSentenceNotReported": false
                        },
                        "isWarrantActive": false
                    }
                ]
            },
        ],
        "courtCopies": [],
        "isInNeed": false,
        "ssnTrace": []
    }
}