{
    "order": {
        "clientOrderId": "string",
        "subject": {
            "FirstName": "string",
            "LastName": "string",
            "Birthdate": "2000-08-11",
            "ssn": "string"
        },
        "product": {
            "category": "NATCRIM_SSN_TRACE"
        },
        "jurisdiction": {
            "county": "NatCrim",
            "state": "USA",
            "country": "United States"
        },
        "natCrim": {
            "profile": "string"
        }
    }
}