{
    "order": {
        "id": "123456789",
        "orderDate": "2022-08-05T22:08:39.333",
        "dueDate": "2022-08-22T08:05:24",
        "comments": "",
        "clientOrderId": "987654321",
        "status": "COMPLETE",
        "substatus": "RECORD",
        "subject": {
            "firstName": "ROBERT",
            "lastName": "DUMMYDATA",
            "birthdate": "1980-01-01T00:00:00",
            "aliases": [],
            "addresses": [],
            "additionalIdentifiers": {},
            "pastNames": [
                {
                    "firstName": "ROBERT",
                    "middleName": "",
                    "lastName": "DUMMYDATA",
                    "suffix": "          "
                }
            ]
        },
        "product": {
            "category": "CRIMINAL_DISPUTE"
        },
        "jurisdiction": {
            "county": "Cook",
            "state": "IL",
            "country": "United States"
        },
        "activity": [
            {
                "note": "Assigned to Researcher",
                "addedDate": "2022-08-05T22:11:27.337"
            },
            {
                "note": "Estimated Completion Date: 08/09/2022",
                "addedDate": "2022-08-05T22:11:28.207"
            },
            {
                "note": "Search Added",
                "addedDate": "2022-08-05T22:08:39.413"
            }
        ],
        "documents": [],
        "knownCases": [],
        "requestCustomFields": [],
        "resultCustomFields": [],
        "subscribers": [],
        "cases": [
            {
                "id": "2366bb53-f6a6-4ef5-99f0-40d1fa013ec6",
                "caseNumber": "2022400627201",
                "isCaseNumberUnavailable": false,
                "courtFiledIn": "CIRCUIT COURT",
                "countyFiledIn": "COOK",
                "chargeDate": "2022-07-01T00:00:00",
                "isChargeDateUnavailable": false,
                "isNextCourtDateUnavailable": true,
                "cannotComplete": false,
                "caseIdentifiers": {
                    "name": "DUMMYDATA, ROBERT",
                    "isNameMatch": true,
                    "firstName": "ROBERT",
                    "isFirstNameMatch": true,
                    "middleName": "M",
                    "isMiddleNameMatch": true,
                    "lastName": "DUMMYDATA",
                    "isLastNameMatch": true,
                    "birthdate": "1980-01-01T00:00:00",
                    "isBirthdateMatch": true,
                    "isSSNMatch": false,
                    "isDriverLicenseMatch": false,
                    "address": "",
                    "isAddressMatch": false,
                    "isAliasMatch": false,
                    "other": "",
                    "isOtherMatch": false,
                    "additionalIdentifiersUnavailability": "NO_ADDITIONAL_ON_PRIMARY_INDEX"
                },
                "charges": [
                    {
                        "id": "234821a3-e0c7-4830-8a6a-668d7da534da",
                        "count": 2,
                        "chargeDescription": "PUBLIC INDECENCY/LEWD EXPOSURE",
                        "isChargeDescriptionUnavailable": false,
                        "chargeType": "MISDEMEANOR",
                        "isChargeTypeUnavailable": false,
                        "disposition": "PENDING",
                        "isDispositionUnavailable": false,
                        "comments": "CURRENT STATUS OF WARRANT UNKNOWN\r\n\r\nLAST KNOWN COURT DATE 07/27/2022 PER PUBLIC ACCESS TERMINAL\r\n\r\nNO FURTHER INFORMATION PER PUBLIC ACCESS TERMINAL NO NEXT COURT DATE IS LISTED ON PUBLIC ACCESS;; Warrant Date: 7/27/2022; ",
                        "sentence": {
                            "hasProbation": false,
                            "hasJail": false,
                            "hasJailSuspended": false,
                            "hasPrison": false,
                            "hasPrisonSuspended": false,
                            "hasCommunityService": false,
                            "hasDriverLicenseSuspension": false,
                            "hasCreditForTimeServed": false,
                            "isFineWaived": false,
                            "isFineUnspecified": false,
                            "isCostWaived": false,
                            "isCostUnspecified": false,
                            "isRestitutionWaived": false,
                            "isRestitutionUnspecified": false,
                            "isFeeWaived": false,
                            "isFeeUnspecified": false,
                            "isSentenceNotReported": false
                        },
                        "warrantDate": "2022-07-27T00:00:00",
                        "isWarrantActive": false
                    },
                    {
                        "id": "857a2456-febe-4d13-af56-ddea2b95c367",
                        "count": 1,
                        "chargeDescription": "RETAIL THEFT/DISPLAY MERCHANDISE/<$300 ",
                        "isChargeDescriptionUnavailable": false,
                        "chargeType": "MISDEMEANOR",
                        "isChargeTypeUnavailable": false,
                        "disposition": "PENDING",
                        "isDispositionUnavailable": false,
                        "comments": "CURRENT STATUS OF WARRANT UNKNOWN\r\n\r\nLAST KNOWN COURT DATE 07/27/2022 PER PUBLIC ACCESS TERMINAL\r\n\r\nNO FURTHER INFORMATION PER PUBLIC ACCESS TERMINAL NO NEXT COURT DATE IS LISTED ON PUBLIC ACCESS;; Warrant Date: 7/27/2022; ",
                        "sentence": {
                            "hasProbation": false,
                            "hasJail": false,
                            "hasJailSuspended": false,
                            "hasPrison": false,
                            "hasPrisonSuspended": false,
                            "hasCommunityService": false,
                            "hasDriverLicenseSuspension": false,
                            "hasCreditForTimeServed": false,
                            "isFineWaived": false,
                            "isFineUnspecified": false,
                            "isCostWaived": false,
                            "isCostUnspecified": false,
                            "isRestitutionWaived": false,
                            "isRestitutionUnspecified": false,
                            "isFeeWaived": false,
                            "isFeeUnspecified": false,
                            "isSentenceNotReported": false
                        },
                        "warrantDate": "2022-07-27T00:00:00",
                        "isWarrantActive": false
                    }
                ]
            }
        ],
        "courtCopies": [],
        "isInNeed": false,
        "ssnTrace": []
    }
}