{
  "order": {
    "id": "123456789",
    "orderDate": "2022-11-22T10:36:21.69",
    "dueDate": "2022-11-22T15:49:33.69",
    "comments": "",
    "clientOrderId": "123abc",
    "clientSubjectId": "123abc",
    "clientExternalOrderId": "123abc",
    "status": "COMPLETE",
    "substatus": "RECORD",
    "subject": {
      "firstName": "ROBERT",
      "lastName": "DUMMYDATA",
      "birthdate": "1980-01-01T00:00:00",
      "aliases": [],
      "addresses": [],
      "pastNames": []
    },
    "product": {
      "category": "CRIMINAL_FEDERAL_MNM",
      "felonyYears": 10,
      "felonyScope": "STRICT_SCOPE",
      "misdemeanorYears": 10,
      "misdemeanorScope": "STRICT_SCOPE",
      "trafficYears": 10,
      "trafficScope": "STRICT_SCOPE",
      "trafficLevel": "NO_TRAFFIC",
      "nonConvictionsScope": "DO_NOT_REPORT",
      "violationsYears": 10,
      "violationsScope": "STRICT_SCOPE"
    },
    "jurisdiction": {
      "county": "Federal Criminal Search",
      "state": "USA",
      "country": "United States"
    },
    "activity": [
      {
        "note": "Estimated Completion Date: 11/22/2022",
        "addedDate": "2022-11-22T10:42:08.53"
      }
    ],
    "documents": [],
    "knownCases": [],
    "requestCustomFields": [],
    "resultCustomFields": [],
    "subscribers": [],
    "cases": [],
    "courtCopies": [],
    "isInNeed": false,
    "ssnTrace": []
  }
}