{
    "order": {
        "clientOrderId": "string",
        "subject": {
            "FirstName": "string",
            "LastName": "string",
            "Birthdate": "2000-08-11"
        },
        "product": {
            "category": "CIVIL",
            "civilUpperYears": "7",
            "civilLowerYears": "7"
         },
        "jurisdiction": {
            "county": "Federal Civil District",
            "state": "USA",
            "country": "United States"
        }
    }
}