{
    "order": {
        "id": "123456789",
        "orderDate": "2022-11-09T16:30:00.62",
        "dueDate": "2022-11-11T06:30:00",
        "comments": "",
        "clientOrderId": "987654321",
        "status": "COMPLETE",
        "substatus": "RECORD",
        "subject": {
            "firstName": "ROBERT",
            "middleName": "M",
            "lastName": "DUMMYDATA",
            "suffix": "",
            "birthdate": "1980-01-01T00:00:00",
            "aliases": [],
            "addresses": [],
            "additionalIdentifiers": {},
            "pastNames": [
                {
                    "firstName": "ROBERT",
                    "middleName": "M",
                    "lastName": "DUMMYDATA",
                    "suffix": ""
                }
            ]
        },
        "product": {
            "category": "COURT_COPIES"
        },
        "jurisdiction": {
            "county": "Cook",
            "state": "IL",
            "country": "United States"
        },
        "activity": [
            {
                "note": "Assigned to Researcher",
                "addedDate": "2022-11-09T16:32:25.313"
            },
            {
                "note": "Search Added",
                "addedDate": "2022-11-09T16:30:00.803"
            },
            {
                "note": "Search Added",
                "addedDate": "2022-11-09T16:30:41.563"
            }
        ],
        "documents": [],
        "knownCases": [],
        "requestCustomFields": [],
        "resultCustomFields": [],
        "subscribers": [],
        "cases": [],
        "courtCopies": [],
        "isInNeed": false,
        "ssnTrace": []
    }
}