{
    "order": {
        "id": "04f8cab8-da99-491f-899c-0184a09516fd",
        "orderDate": "2022-11-22T13:23:56.153",
        "clientOrderId": "TEST",
        "status": "COMPLETE",
        "substatus": "COMPLETE",
        "subject": {
            "firstName": "CASEY",
            "lastName": "TEST",
            "birthdate": "2000-08-11T00:00:00",
            "aliases": [],
            "addresses": [],
            "additionalIdentifiers": {},
            "pastNames": [
                {
                    "firstName": "Casey",
                    "middleName": "",
                    "lastName": "Test",
                    "suffix": ""
                }
            ]
        },
        "pricing": {
            "cost": 0.0000,
            "courtFeeCost": 0.0000,
            "dataFeeCost": 0.0000
        },
        "product": {
            "category": "DIRECTORSHIP"
        },
        "jurisdiction": {
            "county": "Cobb",
            "state": "GA",
            "country": "United States"
        },
        "activity": [
            {
                "note": "Search Added",
                "addedDate": "2022-11-22T13:23:56.323"
            }
        ],
        "documents": [],
        "knownCases": [],
        "requestCustomFields": [],
        "resultCustomFields": [],
        "subscribers": [],
        "cases": [],
        "courtCopies": [],
        "otherResults": "TEST RESUTS",
        "isInNeed": false,
        "ssnTrace": []
    }
}