{
    "order": {
        "id": "365942a2-acc9-421b-8c47-0184a114a17d",
        "orderDate": "2022-11-22T15:43:14.683",
        "clientOrderId": "TEST",
        "status": "COMPLETE",
        "substatus": "COMPLETE",
        "subject": {
            "firstName": "CASEY",
            "lastName": "TEST",
            "birthdate": "2000-08-11T00:00:00",
            "aliases": [],
            "addresses": [],
            "additionalIdentifiers": {},
            "pastNames": [
                {
                    "firstName": "Casey",
                    "middleName": "",
                    "lastName": "Test",
                    "suffix": ""
                }
            ]
        },
        "pricing": {
            "cost": 0.0000,
            "courtFeeCost": 0.0000,
            "dataFeeCost": 0.0000
        },
        "product": {
            "category": "NEGATIVE_MEDIA"
        },
        "jurisdiction": {
            "county": "Cobb",
            "state": "GA",
            "country": "United States"
        },
        "activity": [
            {
                "note": "Search Added",
                "addedDate": "2022-11-22T15:43:14.793"
            }
        ],
        "documents": [],
        "knownCases": [],
        "requestCustomFields": [],
        "resultCustomFields": [
            {
                "groupId": "93169a27-c801-45df-8673-38d26d6eca7b",
                "fieldKey": "TESTING",
                "fieldValue": "TESTING",
                "sort": 1
            },
            {
                "groupId": "e718ca9b-9d18-4637-b147-3315c2b11f34",
                "fieldKey": "TESTING",
                "fieldValue": "TESTING",
                "sort": 1
            }
        ],
        "subscribers": [],
        "cases": [],
        "courtCopies": [],
        "isInNeed": false,
        "ssnTrace": []
    }
}