{
    "order": {
        "id": "123456789",
        "orderDate": "2022-11-22T10:56:11.453",
        "comments": "",
        "clientOrderId": "987654321",
        "status": "COMPLETE",
        "substatus": "VERIFIED_SUCCESS",
        "subject": {
            "firstName": "ROBERT",
            "lastName": "DUMMYDATA",
            "birthdate": "1980-01-01T00:00:00",
            "aliases": [],
            "addresses": [],
            "additionalIdentifiers": {},
            "pastNames": [
                {
                    "firstName": "ROBERT",
                    "middleName": "",
                    "lastName": "DUMMMYDATA",
                    "suffix": ""
                }
            ]
        },
        "product": {
            "category": "ID_VERIFICATION"
        },
        "jurisdiction": {
            "county": "Global",
            "state": "United Kingdom",
            "country": "United Kingdom"
        },
        "activity": [
            {
                "note": "Search Added",
                "addedDate": "2022-11-22T10:56:15.637"
            },
            {
                "note": "Assigned to Researcher",
                "addedDate": "2022-11-22T11:02:11.897"
            }
        ],
        "documents": [],
        "knownCases": [],
        "requestCustomFields": [],
        "resultCustomFields": [],
        "subscribers": [],
        "cases": [],
        "courtCopies": [],
        "idDocVerification": {
            "documentType": "PASSPORT",
            "documentIdentificationNumber": "514570685",
            "resultsDetails": "UNITED KINGDOM PASSPORT Personal Data\r\n\r\nName: DUMMYDATA\r\nFirst Name: ROBERT\r\nDate of Birth: 01-JANUARY-1980\r\nPlace of Birth: BANBURY\r\nNationality: BRITISH CITIZEN\r\nBearer's Signature: PRESENT\r\nGender: MALE\r\n\r\nDocument Data\r\n\r\nDocument Number: 514570685\r\nValid Until: 24-JUNE-2024\r\nDate of Issue: 24-JUNE-2014\r\nIssuing Country: GBR\r\nAuthority: IPS\r\n\r\n The MRZ was checked and is VALID.  Based on the ID provided, this document of identity meets validation criteria."
        },
        "verificationCustomFields": [],
        "verificationQuestions": [],
        "verificationCalls": [],
        "isInNeed": false,
        "notificationPostURL": "",
        "ssnTrace": []
    }
}