{
    "order": {
        "clientOrderId": "string",
        "subject": {
            "FirstName": "string",
            "LastName": "string",
            "Birthdate": "2000-08-11"
        },
        "product": {
            "category": "COURT_COPIES"
        },
        "jurisdiction": {
            "county": "string",
            "state": "string",
            "country": "United States"
        },
        "courtCopies": [
            {
                "caseNumber": "string",
                "status": "string",
                "requestCertified": true/false,
                "requestAllAvailable": true/false,
                "requestComplaintCharge": true/false,
                "requestJudgmentDisposition": true/false,
                "requestIdPage": true/false,
                "requestApplicantDispute": true/false
            }
        ]
    }
}